,rule,type,coef,support,importance,category
0,mean_all_M12_FME_30_RAT,general,1.9803155566335645e-05,1.0,9.336184211426154e-06,
1,mean_all_M12_FME_50_RAT,general,0.0016799589861902135,1.0,0.0007920212294869412,
2,mean_all_M12_MAL_30_RAT,general,0.00012634014097976135,1.0,5.9562509256768445e-05,
3,mean_all_M12_SME_BZN_SAA_PCE_RT,general,-0.0738347734273026,1.0,0.061850045256477845,
4,mean_all_M12_SME_RY_SAA_PCE_RT,general,-0.04455412866746412,1.0,0.036066089123043495,
5,mean_all_M1_SME_RY_CNT_RAT,general,-0.11259580142331906,1.0,0.06628601771379572,
6,mean_all_RC_M1_SHC_FLP_UE_CLN_RAT,general,0.04241517707168878,1.0,0.02908912860822681,
7,mean_all_RC_M1_SHC_RSD_UE_CLN_RAT,general,0.040268384188631705,1.0,0.027617159225084384,
8,mean_all_RC_M1_SHC_WP_UE_CLN_RAT,general,0.01772880873806324,1.0,0.012158856787586055,
9,slope_all_M12_FME_1020_RAT,general,0.0005604888623183816,1.0,1.0817811351129958e-05,
10,slope_all_M12_FME_30_RAT,general,0.0016537325750422317,1.0,3.191820048439519e-05,
11,slope_all_M12_FME_40_RAT,general,0.08448099893214249,1.0,0.0016305527960657619,
12,slope_all_M12_FME_50_RAT,general,0.3469470738697383,1.0,0.00669622244445158,
13,slope_all_M12_FME_60_RAT,general,0.19270155815227794,1.0,0.003719159020750524,
14,slope_all_M12_MAL_1020_RAT,general,0.2986327720692587,1.0,0.0057638041643817564,
15,slope_all_M12_MAL_30_RAT,general,0.07051393984545087,1.0,0.001360974546427079,
16,slope_all_M12_MAL_40_RAT,general,0.21593470260464034,1.0,0.004167125306837156,
17,slope_all_M12_MAL_50_RAT,general,0.34062668092733245,1.0,0.006574243935440604,
18,slope_all_M12_MAL_60_RAT,general,1.6061036129819413,1.0,0.030997977760422683,
19,slope_all_M12_SME_BZN_SAA_PCE_RT,general,2.674425055677018,1.0,0.09137838673247901,
20,slope_all_M12_SME_RY_SAA_PCE_RT,general,-5.163681608748418,1.0,0.19443147091229795,
21,slope_all_MCT_UE_CLN_NEW_RAT,general,1.2518991218223015,1.0,0.024723670059000127,
22,slope_all_MCT_UE_CLN_REU_RAT,general,5.997680284423575,1.0,0.11846258225610165,
23,slope_all_RC_M1_AV_NP_AT,general,2.629489970609596,1.0,0.08604964147324864,
24,slope_all_RC_M1_SAA,general,-1.7692253124980493,1.0,0.059170131652105426,
25,slope_all_RC_M1_SHC_FLP_UE_CLN_RAT,general,0.05097701987632395,1.0,0.0017913553109883476,
26,slope_all_RC_M1_SHC_RSD_UE_CLN_RAT,general,1.0938134672796227,1.0,0.03843752302607493,
27,slope_all_RC_M1_UE_CUS_CN,general,-7.906285662197035,1.0,0.25423797600205306,
28,slope_all_M1_SME_RY_SAA_RAT > -0.04374,general,-0.01799839218034224,0.9421561338289963,0.004201688064577643,
29,mean_all_M12_MAL_30_RAT <= 0.15403,general,0.1553944469763921,0.752267657992565,0.06708308780617916,
30,mean_all_MCT_UE_CLN_REU_RAT <= 0.13914,general,0.13515066169192447,0.4230483271375465,0.06677023208899811,
31,mean_all_M12_MAL_40_RAT <= 0.15402,general,0.14755175519535915,0.6997769516728625,0.06763106279070695,
32,mean_all_M12_MAL_50_RAT <= 0.15398,general,-0.35399193189022643,0.5061710037174721,0.17698248496340865,
33,slope_all_RC_M1_TO_UE_CT <= 0.01395,general,-0.2279259644729969,0.6951672862453532,0.10492264994099505,
34,slope_all_M12_MAL_40_RAT > -0.00033,general,-0.13281548056761738,0.8420817843866171,0.04843306445001136,
35,slope_all_RC_M1_TO_UE_CT <= 0.00538,general,-0.0887819867416817,0.5922676579925651,0.04362861727635506,
36,slope_all_RC_M1_SAA <= 0.01517,general,-0.17662617855912843,0.7140520446096654,0.07981113813643406,
37,slope_all_M1_SME_RY_SAA_RAT <= -0.04374,general,0.48302044920072673,0.05784386617100372,0.112760141907022,
38,mean_all_MCT_UE_CLN_REU_RAT > 0.13914,general,-0.19851139167251527,0.5769516728624535,0.0980731542735454,
39,slope_all_RC_M1_TO_UE_CT > 0.00538,general,0.2804153915533843,0.40773234200743497,0.13779975246643272,
40,mean_all_M12_MAL_50_RAT > 0.15403,general,-0.27980154217598774,0.21903345724907064,0.11572349656609025,
41,mean_all_M12_MAL_30_RAT > 0.15403,general,-0.2784631602473122,0.24773234200743494,0.12021130093853688,
42,slope_all_RC_M1_SAA > 0.01517,general,0.4155570342913968,0.2859479553903346,0.18777556157279743,
43,mean_all_M12_MAL_40_RAT > 0.15402,general,-0.3919994759984444,0.30022304832713753,0.1796748614753778,
44,slope_all_RC_M1_TO_UE_CT > 0.01395,general,0.3944662753808461,0.3048327137546468,0.18158724049280522,
45,slope_all_M12_MAL_60_RAT > -0.00032,general,-0.638694438897783,0.260817843866171,0.280438426827467,
46,mean_all_M12_FME_60_RAT > 0.15403,general,-0.8700331152656168,0.140817843866171,0.30262670736234787,
47,slope_all_M12_MAL_40_RAT <= -0.00033,general,1.0300618388291292,0.1579182156133829,0.3756267809617986,
48,mean_zcd_M12_FME_50_RAT > 0.36795,ZCD,3.163365502108751,0.75,1.3697774431407472,기타세계요리
49,slope_zcd_M1_SME_RY_CNT_RAT <= -0.04016,ZCD,3.401191304515597,0.6875,1.5764943629294685,기타세계요리
50,slope_zcd_M12_FME_30_RAT <= 0.03913,ZCD,-3.352765322928179,0.3125,1.5540483197179227,기타세계요리
51,slope_zcd_M12_SME_RY_SAA_PCE_RT <= 0.05507,ZCD,-7.1976455393766265,0.34375,3.4185856625731907,기타세계요리
52,mean_zcd_RC_M1_UE_CUS_CN <= 0.21301,ZCD,-5.268774579156863,0.3125,2.4421423789244514,기타세계요리
53,slope_zcd_RC_M1_AV_NP_AT > 0.04833,ZCD,2.8288921019084965,0.6875,1.3112265828956664,기타세계요리
54,slope_zcd_RC_M1_AV_NP_AT > 0.04993,ZCD,0.4809483389756769,0.6875,0.2229255214926617,기타세계요리
55,slope_zcd_RC_M1_SAA > 0.01098,ZCD,3.443063884992064,0.75,1.4908903956279351,도시락
56,slope_zcd_M12_MAL_30_RAT <= 0.067,ZCD,-4.044698572078172,0.25,1.7514058570351705,도시락
57,slope_zcd_RC_M1_AV_NP_AT <= 0.02631,ZCD,-2.9944095358977973,0.25,1.2966173637109317,도시락
58,slope_zcd_M12_SME_BZN_SAA_PCE_RT <= -0.02141,ZCD,5.053461896708675,0.75,2.1882131898032027,도시락
59,slope_zcd_M12_SME_BZN_SAA_PCE_RT > -0.0243,ZCD,-3.504676853063436,0.25,1.5175695934041187,도시락
60,slope_zcd_RC_M1_AV_NP_AT <= 0.02172,ZCD,-1.6394230354345376,0.25,0.7098909981178527,도시락
61,slope_zcd_RC_M1_SAA <= 0.01098,ZCD,-0.8484017056093541,0.25,0.36736871483587363,도시락
62,mean_zcd_M12_FME_50_RAT <= 0.87739,ZCD,-6.548646786730998,0.5192307692307693,3.271900660223296,동남아/인도음식
63,mean_zcd_M12_FME_50_RAT > 0.6867,ZCD,0.035174179758307285,0.5,0.017587089879153642,동남아/인도음식
64,mean_zcd_M12_FME_50_RAT <= 1.0845,ZCD,-5.858457349590519,0.5576923076923077,2.9096640342938103,동남아/인도음식
65,slope_zcd_RC_M1_TO_UE_CT > 0.0222,ZCD,5.467163008491129,0.5,2.7335815042455645,동남아/인도음식
66,slope_zcd_M12_MAL_50_RAT <= 0.02845,ZCD,-9.572256140085496,0.5384615384615384,4.771946918664354,동남아/인도음식
67,mean_zcd_M12_SME_RY_SAA_PCE_RT > 0.99453,ZCD,2.8575089100011857,0.4423076923076923,1.4192116468485854,동남아/인도음식
68,mean_zcd_M12_FME_50_RAT <= 0.6867,ZCD,-6.346160019622396,0.5,3.173080009811198,동남아/인도음식
69,mean_zcd_M12_SME_RY_SAA_PCE_RT <= 0.99453,ZCD,-0.9836743208282976,0.5576923076923077,0.4885521259231394,동남아/인도음식
70,mean_zcd_M12_FME_60_RAT <= 1.33249,ZCD,-0.05588493800523199,0.5116279069767442,0.027934911877663015,떡/한과 제조
71,slope_zcd_MCT_UE_CLN_NEW_RAT > -0.02444,ZCD,-2.5007768886170343,0.4883720930232558,1.2500502729854133,떡/한과 제조
72,mean_zcd_RC_M1_AV_NP_AT <= -1.53414,ZCD,7.025243100537379,0.4883720930232558,3.5116715511843055,떡/한과 제조
73,mean_zcd_RC_M1_AV_NP_AT > -1.26689,ZCD,-2.0686590476945,0.4883720930232558,1.0340497863103295,떡/한과 제조
74,mean_zcd_M12_FME_40_RAT > -1.43836,ZCD,-5.068597876336335,0.5116279069767442,2.533613529382632,떡/한과 제조
75,mean_zcd_M12_FME_50_RAT <= -0.90673,ZCD,2.4246211604117778,0.5116279069767442,1.2119827071558882,떡/한과 제조
76,mean_zcd_MCT_UE_CLN_NEW_RAT > -0.26572,ZCD,-2.441263937200357,0.5116279069767442,1.2203018450056082,떡/한과 제조
77,slope_zcd_RC_M1_AV_NP_AT > -0.02692,ZCD,-0.9321757896156353,0.4883720930232558,0.465961839932001,떡/한과 제조
78,slope_zcd_M1_SME_RY_SAA_RAT > -0.05861,ZCD,0.0006707162200227524,0.8866995073891626,0.0002125900537408027,백반/가정식
79,slope_zcd_M1_SME_RY_CNT_RAT > -0.0516,ZCD,0.20001421970342806,0.8793103448275862,0.06515788618832864,백반/가정식
80,mean_zcd_M1_SME_RY_SAA_RAT > 2.65483,ZCD,2.7705519767539477,0.11330049261083744,0.8781534962876385,백반/가정식
81,mean_zcd_M12_SME_RY_SAA_PCE_RT > -1.33983,ZCD,-0.8105236609553811,0.8866995073891626,0.2569033870015123,백반/가정식
82,slope_zcd_M1_SME_RY_CNT_RAT > -0.05082,ZCD,-0.567865400427069,0.8793103448275862,0.1849913930428541,백반/가정식
83,mean_zcd_M1_SME_RY_SAA_RAT <= 2.57071,ZCD,-0.22755547715644106,0.8842364532019704,0.07280436409699324,백반/가정식
84,slope_zcd_M1_SME_RY_CNT_RAT > -0.00722,ZCD,-13.314327487783551,0.6108374384236454,6.491537724175597,백반/가정식
85,slope_zcd_M1_SME_RY_SAA_RAT > -0.05708,ZCD,-0.43197519985547406,0.8866995073891626,0.13691875671182366,백반/가정식
86,slope_zcd_MCT_UE_CLN_NEW_RAT <= 0.00936,ZCD,1.4032917097832953,0.7518796992481203,0.6061125667832784,베이커리
87,mean_zcd_MCT_UE_CLN_NEW_RAT <= 0.05538,ZCD,-1.5000116393550198,0.5375939849624061,0.7478828369891409,베이커리
88,slope_zcd_MCT_UE_CLN_NEW_RAT <= 0.00955,ZCD,-0.021644031995479558,0.7556390977443609,0.009300605803844222,베이커리
89,slope_zcd_MCT_UE_CLN_NEW_RAT <= 0.0096,ZCD,-0.14106535171046622,0.7556390977443609,0.06061685868481915,베이커리
90,slope_zcd_RC_M1_TO_UE_CT > -0.00306,ZCD,3.191862512626939,0.6090225563909775,1.5575310613769893,베이커리
91,slope_zcd_MCT_UE_CLN_NEW_RAT <= 0.00956,ZCD,-0.1852613877345405,0.7556390977443609,0.079608232807638,베이커리
92,slope_zcd_MCT_UE_CLN_NEW_RAT > -0.01986,ZCD,-2.813837483315527,0.7330827067669173,1.2446976053388943,베이커리
93,slope_zcd_MCT_UE_CLN_NEW_RAT > 0.0096,ZCD,-11.270531800988943,0.24436090225563908,4.843033567062795,베이커리
94,slope_zcd_M12_SME_RY_SAA_PCE_RT > 0.00129,ZCD,3.426506167342228,0.7692307692307693,1.4436728625260844,분식
95,slope_zcd_M12_FME_40_RAT > 0.00384,ZCD,8.004786137432577,0.7769230769230769,3.3324686075179906,분식
96,slope_zcd_RC_M1_SHC_RSD_UE_CLN_RAT > 0.00564,ZCD,2.3279489372353575,0.7076923076923077,1.0588045761569393,분식
97,slope_zcd_RC_M1_SHC_RSD_UE_CLN_RAT > 0.00609,ZCD,8.479706591384257,0.6961538461538461,3.8999614168976624,분식
98,slope_zcd_M1_SME_RY_CNT_RAT > -0.03024,ZCD,-9.866432505459212,0.7230769230769231,4.415012872732833,분식
99,slope_zcd_M1_SME_RY_CNT_RAT > -0.02947,ZCD,7.159330707493411,0.7192307692307692,3.217224070969602,분식
100,slope_zcd_M12_SME_RY_SAA_PCE_RT > 0.00118,ZCD,3.530776326113199,0.7692307692307693,1.4876044917826274,분식
101,slope_zcd_M12_SME_RY_SAA_PCE_RT > 0.00121,ZCD,3.3551872900543653,0.7692307692307693,1.4136244333980035,분식
102,slope_zcd_RC_M1_SHC_WP_UE_CLN_RAT > 0.00497,ZCD,-7.941220223682164,0.8526315789473684,2.814946608310009,샌드위치/토스트
103,slope_zcd_M12_FME_30_RAT <= -0.001,ZCD,-15.335675168777003,0.15789473684210525,5.592035486461934,샌드위치/토스트
104,slope_zcd_M1_SME_RY_CNT_RAT <= -0.00114,ZCD,9.238868294311668,0.8315789473684211,3.457551898771156,샌드위치/토스트
105,slope_zcd_RC_M1_SHC_FLP_UE_CLN_RAT > 0.00752,ZCD,-8.481501225619903,0.8210526315789474,3.2510293173553664,샌드위치/토스트
106,slope_zcd_MCT_UE_CLN_NEW_RAT <= 0.00372,ZCD,18.366419864743463,0.7473684210526316,7.980602836290701,샌드위치/토스트
107,slope_zcd_M1_SME_RY_CNT_RAT <= -0.00182,ZCD,7.512636917603945,0.8315789473684211,2.8115274741206893,샌드위치/토스트
108,slope_zcd_RC_M1_AV_NP_AT <= -0.00996,ZCD,-0.004730715407073427,0.7894736842105263,0.0019286296828676026,샌드위치/토스트
109,slope_zcd_RC_M1_SHC_FLP_UE_CLN_RAT <= 0.00769,ZCD,-20.992258725208767,0.17894736842105263,8.046505770347824,샌드위치/토스트
110,mean_zcd_M12_MAL_1020_RAT > -0.59618,ZCD,-0.5949353820348053,0.2222222222222222,0.24733826298263403,수산물
111,mean_zcd_M12_FME_1020_RAT <= -0.64162,ZCD,4.002488048720169,0.7777777777777778,1.6639932192186933,수산물
112,slope_zcd_RC_M1_AV_NP_AT > 0.02301,ZCD,2.9930527195498615,0.7777777777777778,1.244330868567508,수산물
113,slope_zcd_RC_M1_AV_NP_AT > 0.02117,ZCD,1.1352837598656869,0.7777777777777778,0.47198254068732676,수산물
114,slope_zcd_RC_M1_AV_NP_AT <= 0.02496,ZCD,-5.830003260672471,0.2222222222222222,2.423763862801257,수산물
115,mean_zcd_M12_FME_50_RAT > -0.54604,ZCD,-4.082343649538032,0.2222222222222222,1.6971923635159631,수산물
116,slope_zcd_M12_FME_40_RAT <= -0.10847,ZCD,2.842397037057099,0.7777777777777778,1.1816973188721176,수산물
117,mean_zcd_MCT_UE_CLN_NEW_RAT <= 0.11934,ZCD,-1.6269419449716747,0.5630252100840336,0.8069825947572056,식료품
118,mean_zcd_M12_MAL_30_RAT <= 0.17407,ZCD,-0.2274035022641281,0.6008403361344538,0.11136533128804263,식료품
119,mean_zcd_MCT_UE_CLN_REU_RAT <= 0.12354,ZCD,-1.361059150146603,0.5630252100840336,0.6751015597071383,식료품
120,mean_zcd_MCT_UE_CLN_REU_RAT > 0.11939,ZCD,-16.402389204020267,0.4369747899159664,8.135780530452978,식료품
121,slope_zcd_M1_SME_RY_CNT_RAT <= -0.00641,ZCD,0.35499700285506347,0.4117647058823529,0.17471282460484394,식료품
122,slope_zcd_M12_MAL_30_RAT > -0.02466,ZCD,1.2268269187846048,0.8613445378151261,0.4239749913836435,식료품
123,slope_zcd_M12_SME_BZN_SAA_PCE_RT > 0.02772,ZCD,3.021856467699415,0.35714285714285715,1.4479449600049905,식료품
124,slope_zcd_RC_M1_AV_NP_AT <= -0.00052,ZCD,3.3418293846837295,0.5168067226890757,1.669970472619736,식료품
125,slope_zcd_RC_M1_SHC_WP_UE_CLN_RAT > -4e-05,ZCD,-0.25848958169449276,0.9322033898305084,0.06498339134551487,식품 제조
126,slope_zcd_M12_FME_40_RAT > -0.00541,ZCD,0.3460360079592661,0.7627118644067796,0.14721076047505685,식품 제조
127,mean_zcd_M12_FME_40_RAT > 0.24619,ZCD,1.1329598711740023,0.7457627118644068,0.4933265439838828,식품 제조
128,slope_zcd_M1_SME_RY_CNT_RAT <= 0.00367,ZCD,-10.624663000579067,0.288135593220339,4.811851965266926,식품 제조
129,slope_zcd_M1_SME_RY_CNT_RAT > 0.0035,ZCD,5.636659638372662,0.711864406779661,2.5528124286827736,식품 제조
130,slope_zcd_MCT_UE_CLN_NEW_RAT > 0.01208,ZCD,1.3845772796605602,0.8135593220338984,0.5392400625073418,식품 제조
131,slope_zcd_RC_M1_AV_NP_AT > 0.01243,ZCD,1.7725719333893968,0.7627118644067796,0.7540881766897273,식품 제조
132,mean_zcd_MCT_UE_CLN_REU_RAT > 0.53101,ZCD,2.3030830963212106,0.7457627118644068,1.0028351871267178,식품 제조
133,slope_zcd_M12_MAL_30_RAT > -0.02482,ZCD,-19.94622048956502,0.5679012345679012,9.88071868548723,아이스크림/빙수
134,slope_zcd_M12_FME_30_RAT <= -0.02464,ZCD,15.811347682693013,0.41975308641975306,7.803191358175743,아이스크림/빙수
135,slope_zcd_M12_FME_60_RAT > -0.01391,ZCD,-19.886239130062652,0.5432098765432098,9.905920514319659,아이스크림/빙수
136,slope_zcd_M12_MAL_60_RAT <= -0.01001,ZCD,-1.7069669061714783,0.4691358024691358,0.851855846712891,아이스크림/빙수
137,slope_zcd_RC_M1_UE_CUS_CN <= 0.01544,ZCD,-21.658951210189898,0.6049382716049383,10.588280387041678,아이스크림/빙수
138,slope_zcd_RC_M1_UE_CUS_CN > 0.01601,ZCD,-2.8332155416592966,0.3950617283950617,1.3850569337770706,아이스크림/빙수
139,slope_zcd_MCT_UE_CLN_NEW_RAT > 0.03308,ZCD,0.5224957713549587,0.345679012345679,0.24849331602640165,아이스크림/빙수
140,mean_zcd_MCT_UE_CLN_NEW_RAT > 0.2245,ZCD,-0.2941592914116409,0.37037037037037035,0.14205066370988711,아이스크림/빙수
141,slope_zcd_M12_MAL_60_RAT <= -0.00615,ZCD,1.8985332696321306,0.6487341772151899,0.9062949276919977,양식
142,slope_zcd_RC_M1_SHC_FLP_UE_CLN_RAT <= 0.00241,ZCD,7.778537336495143,0.7183544303797469,3.4987973582342384,양식
143,slope_zcd_M12_MAL_60_RAT <= -0.00606,ZCD,3.464075977099533,0.6582278481012658,1.6430238640470805,양식
144,slope_zcd_M12_MAL_60_RAT <= -0.00616,ZCD,3.6761825064007647,0.6487341772151899,1.7548839475784568,양식
145,slope_zcd_RC_M1_SAA > 0.01265,ZCD,4.202086526207171,0.5981012658227848,2.060206109713233,양식
146,slope_zcd_RC_M1_SAA > 0.013,ZCD,3.631277940045057,0.5917721518987342,1.784793876015563,양식
147,mean_zcd_M12_SME_BZN_SAA_PCE_RT <= -0.18219,ZCD,9.972743515726375,0.6867088607594937,4.625674098977681,양식
148,slope_zcd_RC_M1_SAA > 0.01242,ZCD,2.8090468372679513,0.5981012658227848,1.3772242481245727,양식
149,slope_zcd_M12_FME_50_RAT > 0.01443,ZCD,-0.7060863967496734,0.8333333333333334,0.263142863520026,와인바
150,mean_zcd_M12_MAL_40_RAT > 0.06348,ZCD,0.06641359937201496,0.7666666666666667,0.02808980351240538,와인바
151,mean_zcd_M12_MAL_40_RAT > 0.06633,ZCD,17.5380766061525,0.7555555555555555,7.53711688042761,와인바
152,slope_zcd_M12_FME_50_RAT <= 0.01513,ZCD,-24.786242771134212,0.17777777777777778,9.4764143317858,와인바
153,mean_zcd_M12_MAL_40_RAT <= 0.05751,ZCD,-4.191170728307594,0.23333333333333334,1.7726664923797733,와인바
154,mean_zcd_M12_MAL_50_RAT <= 0.23895,ZCD,-0.31528182965910423,0.9111111111111111,0.08972394333832824,와인바
155,slope_zcd_M12_MAL_1020_RAT <= 0.06298,ZCD,-4.649227485252501,0.5222222222222223,2.322316692912456,와인바
156,mean_zcd_RC_M1_SHC_FLP_UE_CLN_RAT > 0.26797,ZCD,3.3110156845659784,0.375,1.602938575669448,요리주점
157,slope_zcd_RC_M1_SAA > 0.0279,ZCD,0.5355594248409621,0.4166666666666667,0.2640343571625062,요리주점
158,mean_zcd_RC_M1_SHC_FLP_UE_CLN_RAT > 0.26687,ZCD,4.611544870674641,0.375,2.23255456055139,요리주점
159,mean_zcd_RC_M1_SHC_FLP_UE_CLN_RAT > 0.26528,ZCD,4.928320631319897,0.375,2.385912966234048,요리주점
160,slope_zcd_RC_M1_TO_UE_CT > 0.0285,ZCD,0.8629524667224435,0.4083333333333333,0.4241630593512256,요리주점
161,slope_zcd_RC_M1_SAA > 0.02714,ZCD,0.09569541695102254,0.4166666666666667,0.047178476796602725,요리주점
162,slope_zcd_RC_M1_SAA > 0.03043,ZCD,15.070888349610266,0.4,7.383197285400169,요리주점
163,mean_zcd_RC_M1_SHC_FLP_UE_CLN_RAT > 0.26688,ZCD,3.9937186663266866,0.375,1.9334507355151191,요리주점
164,slope_zcd_M12_MAL_30_RAT > -0.04888,ZCD,-2.4321085205375303,0.6461538461538462,1.1629422686173665,일반 유흥주점
165,mean_zcd_M12_MAL_40_RAT > 1.4544,ZCD,3.468685371427319,0.3384615384615385,1.6413345834629716,일반 유흥주점
166,slope_zcd_MCT_UE_CLN_REU_RAT <= -0.0782,ZCD,2.688598354783629,0.3384615384615385,1.2722080523931094,일반 유흥주점
167,slope_zcd_MCT_UE_CLN_REU_RAT <= -0.07237,ZCD,1.0422600877514814,0.3384615384615385,0.4931832506577926,일반 유흥주점
168,mean_zcd_M12_MAL_30_RAT <= 1.11991,ZCD,-8.36613546596937,0.6461538461538462,4.00036942274447,일반 유흥주점
169,slope_zcd_RC_M1_UE_CUS_CN > 0.04244,ZCD,4.133829779269202,0.3384615384615385,1.9560718405750661,일반 유흥주점
170,slope_zcd_MCT_UE_CLN_REU_RAT > -0.07237,ZCD,-4.388149082392539,0.6615384615384615,2.0764122643266654,일반 유흥주점
171,mean_zcd_MCT_UE_CLN_REU_RAT <= 0.9308,ZCD,-1.8960340471159352,0.6461538461538462,0.9066117393649199,일반 유흥주점
172,mean_zcd_RC_M1_SAA > 0.46129,ZCD,1.8378892542089846,0.7777777777777778,0.7640835448981664,일식-샤브샤브
173,mean_zcd_RC_M1_SHC_FLP_UE_CLN_RAT <= -0.56596,ZCD,3.0574798462341075,0.7777777777777778,1.2711157835082558,일식-샤브샤브
174,mean_zcd_RC_M1_SHC_FLP_UE_CLN_RAT > -0.56596,ZCD,-2.9885005664184345,0.2222222222222222,1.2424383577464049,일식-샤브샤브
175,mean_zcd_M12_MAL_1020_RAT > 0.67575,ZCD,1.1352837598656869,0.7777777777777778,0.47198254068732676,일식-샤브샤브
176,mean_zcd_M1_SME_RY_SAA_RAT <= -0.57068,ZCD,4.942568704884037,0.7777777777777778,2.0548220782518967,일식-샤브샤브
177,mean_zcd_M1_SME_RY_SAA_RAT > -0.54241,ZCD,-3.0273144531302787,0.2222222222222222,1.258574831738047,일식-샤브샤브
178,slope_zcd_M12_FME_30_RAT <= 0.0329,ZCD,-3.978531245399903,0.2222222222222222,1.6540334247623862,일식-샤브샤브
179,slope_zcd_M12_MAL_60_RAT > -0.01022,ZCD,-0.5689317172997016,0.18518518518518517,0.221000229299469,일식-샤브샤브
180,slope_zcd_M12_SME_RY_SAA_PCE_RT <= -0.06297,ZCD,0.4582304655780664,0.65625,0.2176406286207708,일식-우동/소바/라면
181,mean_zcd_M12_FME_30_RAT > 1.3368,ZCD,3.0847355777860104,0.65625,1.4651225545016213,일식-우동/소바/라면
182,slope_zcd_M12_SME_RY_SAA_PCE_RT > -0.05152,ZCD,-4.918672018822226,0.3125,2.279865499031823,일식-우동/소바/라면
183,mean_zcd_RC_M1_SHC_WP_UE_CLN_RAT > 0.74515,ZCD,2.3889872589213335,0.6875,1.1073252309564505,일식-우동/소바/라면
184,slope_zcd_M12_MAL_60_RAT > 0.00477,ZCD,2.827764913778715,0.75,1.22445812563134,일식-우동/소바/라면
185,mean_zcd_M12_SME_BZN_SAA_PCE_RT > -1.18117,ZCD,-6.141697738486255,0.34375,2.9170538779359947,일식-우동/소바/라면
186,slope_zcd_MCT_UE_CLN_NEW_RAT <= -0.06197,ZCD,3.8380365816167896,0.65625,1.8229095554326131,일식-우동/소바/라면
187,slope_zcd_RC_M1_AV_NP_AT > 0.0007,ZCD,-0.6505781059660111,0.28125,0.2925059052158324,일식-우동/소바/라면
188,slope_zcd_MCT_UE_CLN_REU_RAT > 0.02841,ZCD,-9.858635028298188,0.4085106382978723,4.846095222550134,일식당
189,slope_zcd_MCT_UE_CLN_REU_RAT <= 0.02841,ZCD,-17.901915450128666,0.5914893617021276,8.799837572680751,일식당
190,slope_zcd_MCT_UE_CLN_REU_RAT > 0.02825,ZCD,-8.257374312426839,0.4085106382978723,4.058982008300141,일식당
191,mean_zcd_MCT_UE_CLN_REU_RAT <= -0.20807,ZCD,9.296072060027543,0.5531914893617021,4.621659491841645,일식당
192,mean_zcd_MCT_UE_CLN_REU_RAT <= -0.20365,ZCD,3.7192167534490963,0.5574468085106383,1.8472936811601042,일식당
193,mean_zcd_M1_SME_RY_SAA_RAT > -0.1017,ZCD,0.046735545264733426,0.7063829787234043,0.021284234792023505,일식당
194,mean_zcd_M1_SME_RY_SAA_RAT > -0.09198,ZCD,9.109485821172123,0.7021276595744681,4.165978209903859,일식당
195,mean_zcd_RC_M1_SAA <= -0.03242,ZCD,9.629870257743441,0.7106382978723405,4.366819747724804,일식당
196,slope_zcd_RC_M1_SAA <= -0.01935,ZCD,2.755024457043105,0.36477987421383645,1.3261816606587997,중식당
197,slope_zcd_RC_M1_SAA <= -0.01844,ZCD,4.0345587413217245,0.3836477987421384,1.9619000308215695,중식당
198,mean_zcd_M12_FME_40_RAT <= -0.15823,ZCD,1.3505540456966438,0.6666666666666666,0.6366572827140154,중식당
199,mean_zcd_RC_M1_SAA <= 0.15411,ZCD,24.110679841863888,0.7421383647798742,10.547396293795009,중식당
200,mean_zcd_MCT_UE_CLN_NEW_RAT <= 0.8075,ZCD,-22.290929469163416,0.7232704402515723,9.972552052418498,중식당
201,mean_zcd_MCT_UE_CLN_NEW_RAT > 0.80138,ZCD,3.0860580326113753,0.27672955974842767,1.3806456303033734,중식당
202,slope_zcd_M12_MAL_60_RAT <= -0.01311,ZCD,9.255022835290784,0.3710691823899371,4.471017565894383,중식당
203,slope_zcd_RC_M1_SAA <= -0.01905,ZCD,2.7522693687581365,0.3710691823899371,1.329596362190288,중식당
204,mean_zcd_M1_SME_RY_CNT_RAT > -0.30936,ZCD,8.531780184254844,0.691764705882353,3.9396717708135016,축산물
205,mean_zcd_M1_SME_RY_SAA_RAT > -0.32786,ZCD,6.1407988790540955,0.6776470588235294,2.870069881265651,축산물
206,mean_zcd_M1_SME_RY_CNT_RAT <= 0.54023,ZCD,0.4104631807329683,0.788235294117647,0.16769840593289465,축산물
207,slope_zcd_M12_FME_60_RAT > -0.00539,ZCD,-1.8928022686416202,0.6588235294117647,0.897386092306532,축산물
208,slope_zcd_M1_SME_RY_CNT_RAT <= 0.01823,ZCD,-12.42882289370532,0.7623529411764706,5.290226436649904,축산물
209,mean_zcd_M1_SME_RY_CNT_RAT > 0.52183,ZCD,2.2727159688188316,0.21176470588235294,0.9285384487557766,축산물
210,slope_zcd_M1_SME_RY_SAA_RAT > -0.02945,ZCD,-10.667575670231429,0.7858823529411765,4.375933683480832,축산물
211,slope_zcd_M1_SME_RY_SAA_RAT > -0.05104,ZCD,-1.8784793038649525,0.8870588235294118,0.5945779212886299,축산물
212,mean_zcd_M12_FME_1020_RAT > -0.05678,ZCD,-4.27994578957937,0.7025089605734767,1.9565959345384092,치킨
213,mean_zcd_M12_MAL_1020_RAT > -0.08352,ZCD,3.8059043400984187,0.7204301075268817,1.7080437676706484,치킨
214,mean_zcd_M12_FME_1020_RAT > -0.05824,ZCD,-2.5977210952785867,0.7025089605734767,1.1875595589228873,치킨
215,mean_zcd_M12_FME_1020_RAT > -0.06269,ZCD,-3.175654973988281,0.7025089605734767,1.451764558964847,치킨
216,mean_zcd_M1_SME_RY_SAA_RAT > -0.50392,ZCD,8.644596400885572,0.8494623655913979,3.0912870650412074,치킨
217,slope_zcd_M12_FME_30_RAT > -0.00692,ZCD,9.451672864781816,0.8387096774193549,3.4763113311292235,치킨
218,mean_zcd_M12_FME_1020_RAT <= -0.06925,ZCD,-22.725381479579095,0.2939068100358423,10.352542408533457,치킨
219,mean_zcd_M12_MAL_1020_RAT > -0.08344,ZCD,4.115283868018334,0.7204301075268817,1.8468895523481568,치킨
220,mean_zcd_M1_SME_RY_SAA_RAT > -0.51894,ZCD,2.630977131120477,0.8793969849246231,0.8568181191071771,카페
221,mean_zcd_M1_SME_RY_SAA_RAT > -0.51609,ZCD,6.076153328694108,0.8760469011725294,2.0022628876691533,카페
222,mean_zcd_RC_M1_SAA > 0.082,ZCD,2.5115700458140906,0.6180904522613065,1.2202577378375872,카페
223,slope_zcd_RC_M1_AV_NP_AT <= 0.04552,ZCD,-3.566852763185073,0.8324958123953099,1.331953445500967,카페
224,mean_zcd_RC_M1_TO_UE_CT <= 0.60994,ZCD,7.261391343924203,0.8911222780569514,2.26181982570183,카페
225,slope_zcd_MCT_UE_CLN_NEW_RAT > 9e-05,ZCD,-0.5910206914346388,0.8609715242881072,0.20447911659208742,카페
226,mean_zcd_RC_M1_SHC_FLP_UE_CLN_RAT > 0.25748,ZCD,0.3080777587258459,0.22110552763819097,0.12784962456426047,카페
227,mean_zcd_RC_M1_AV_NP_AT <= 0.11723,ZCD,-0.7452830580359714,0.36683417085427134,0.3591822569600703,카페
228,slope_zcd_M12_MAL_1020_RAT <= 0.00466,ZCD,5.121724700515812,0.6524822695035462,2.43887236038641,커피전문점
229,mean_zcd_M12_FME_40_RAT <= -0.01996,ZCD,-1.8725012614756162,0.5886524822695035,0.9214166363661831,커피전문점
230,slope_zcd_M12_MAL_1020_RAT <= 0.00465,ZCD,3.688939550084679,0.6524822695035462,1.756606071960823,커피전문점
231,mean_zcd_M12_FME_40_RAT <= -0.022,ZCD,-0.8097441038724584,0.5851063829787234,0.3989638893926107,커피전문점
232,slope_zcd_M12_FME_1020_RAT <= -0.01252,ZCD,-0.12175644782469888,0.3900709219858156,0.05938864642486827,커피전문점
233,slope_zcd_M12_FME_1020_RAT <= -0.01322,ZCD,-2.0693289148249296,0.3900709219858156,1.0093481327266869,커피전문점
234,mean_zcd_M12_FME_40_RAT > -0.02158,ZCD,-15.659258614887651,0.41134751773049644,7.705576331386545,커피전문점
235,slope_zcd_M12_FME_1020_RAT > -0.01262,ZCD,-3.7782259322430205,0.6099290780141844,1.8428898675354728,커피전문점
236,slope_zcd_RC_M1_UE_CUS_CN > -0.0245,ZCD,-6.889503166961723,0.5967741935483871,3.379613848094007,포장마차
237,slope_zcd_RC_M1_UE_CUS_CN <= -0.02462,ZCD,-0.6599899258138305,0.4032258064516129,0.32375499928344115,포장마차
238,slope_zcd_MCT_UE_CLN_NEW_RAT > 0.07919,ZCD,1.876637983394993,0.3870967741935484,0.9140842625530694,포장마차
239,slope_zcd_MCT_UE_CLN_NEW_RAT <= 0.07332,ZCD,-9.629078607676997,0.6129032258064516,4.690190274333466,포장마차
240,slope_zcd_RC_M1_UE_CUS_CN <= -0.02318,ZCD,1.5570144685854108,0.4032258064516129,0.7637862313422202,포장마차
241,slope_zcd_RC_M1_SAA > -0.02792,ZCD,-10.422333643243768,0.5967741935483871,5.112627464789494,포장마차
242,slope_zcd_M12_FME_1020_RAT <= -0.01473,ZCD,7.2534109957987525,0.43548387096774194,3.5963876786719258,포장마차
243,slope_zcd_RC_M1_UE_CUS_CN <= -0.02166,ZCD,0.5707372760003308,0.4032258064516129,0.279972525572523,포장마차
244,mean_zcd_RC_M1_UE_CUS_CN > 0.94561,ZCD,0.14304628310011755,0.5054945054945055,0.07151882291094908,피자
245,mean_zcd_RC_M1_SHC_WP_UE_CLN_RAT > -0.40504,ZCD,-7.6339723678859945,0.5054945054945055,3.816755710484227,피자
246,mean_zcd_RC_M1_SHC_FLP_UE_CLN_RAT <= -0.39251,ZCD,1.9246729651876058,0.4945054945054945,0.9622783757506141,피자
247,mean_zcd_RC_M1_SHC_RSD_UE_CLN_RAT <= -0.40508,ZCD,0.7677300533939362,0.4945054945054945,0.38384184854118225,피자
248,mean_zcd_RC_M1_UE_CUS_CN <= 1.17023,ZCD,-11.558589965821254,0.5164835164835165,5.776153587247682,피자
249,mean_zcd_RC_M1_SHC_RSD_UE_CLN_RAT <= -0.53948,ZCD,1.1185402556224446,0.4835164835164835,0.5589661307390681,피자
250,mean_zcd_RC_M1_TO_UE_CT <= 1.02832,ZCD,0.7875161685033102,0.4945054945054945,0.3937343087431196,피자
251,mean_zcd_M12_FME_1020_RAT <= 2.06619,ZCD,-2.0717420023928588,0.725,0.9250623833385266,한식-국밥/설렁탕
252,slope_zcd_M12_MAL_50_RAT <= 0.05262,ZCD,-2.018154039291854,0.7125,0.9134098073284628,한식-국밥/설렁탕
253,slope_zcd_M12_MAL_50_RAT <= 0.05085,ZCD,-4.165470172646894,0.7125,1.8852779489344182,한식-국밥/설렁탕
254,mean_zcd_M12_FME_1020_RAT > 2.9561,ZCD,4.166601022158745,0.2625,1.8332748571742061,한식-국밥/설렁탕
255,mean_zcd_M12_MAL_30_RAT <= -1.09588,ZCD,3.2419599699882644,0.2875,1.467300302108075,한식-국밥/설렁탕
256,mean_zcd_M12_FME_1020_RAT <= 2.3014,ZCD,-4.5645005650932635,0.725,2.038114671912963,한식-국밥/설렁탕
257,slope_zcd_M12_FME_1020_RAT <= -0.05584,ZCD,4.112299764806671,0.275,1.8362005582938186,한식-국밥/설렁탕
258,mean_zcd_M12_MAL_30_RAT > -1.10027,ZCD,-2.3966569588982978,0.7125,1.084718970127698,한식-국밥/설렁탕
259,mean_zcd_RC_M1_AV_NP_AT > -0.82543,ZCD,8.50196824551348,0.9429429429429429,1.9720452211662265,한식-단품요리일반
260,slope_zcd_RC_M1_SHC_WP_UE_CLN_RAT > -0.0179,ZCD,6.551563055398433,0.9354354354354354,1.6100855307755126,한식-단품요리일반
261,slope_zcd_M12_SME_RY_SAA_PCE_RT <= 0.06248,ZCD,7.105516235310862,0.960960960960961,1.3762523321032107,한식-단품요리일반
262,slope_zcd_RC_M1_SHC_FLP_UE_CLN_RAT > -0.02404,ZCD,-0.3542908883609644,0.93993993993994,0.0841788360483194,한식-단품요리일반
263,slope_zcd_RC_M1_SHC_WP_UE_CLN_RAT > -0.02004,ZCD,1.3604141947375181,0.9369369369369369,0.33068452033332446,한식-단품요리일반
264,slope_zcd_RC_M1_SHC_WP_UE_CLN_RAT > -0.02061,ZCD,0.49576795320588385,0.9369369369369369,0.12050946574705014,한식-단품요리일반
265,slope_zcd_RC_M1_SHC_RSD_UE_CLN_RAT > -0.02003,ZCD,0.41746897079811157,0.9369369369369369,0.10147683469963792,한식-단품요리일반
266,mean_zcd_RC_M1_SHC_WP_UE_CLN_RAT <= 0.34603,ZCD,1.5519545660740648,0.8093093093093093,0.6096786920325777,한식-단품요리일반
267,slope_zcd_MCT_UE_CLN_NEW_RAT <= 0.00036,ZCD,-0.5890877936956985,0.14652567975830816,0.2083205557822818,한식-육류/고기
268,slope_zcd_M12_FME_50_RAT > 0.00062,ZCD,-2.9843787472657914,0.8202416918429003,1.1459596988770415,한식-육류/고기
269,slope_zcd_MCT_UE_CLN_NEW_RAT > 0.00036,ZCD,-0.90374384074423,0.8534743202416919,0.31959314248820536,한식-육류/고기
270,slope_zcd_M1_SME_RY_CNT_RAT <= -0.01192,ZCD,0.8725970637448618,0.37915407854984895,0.4233636136828225,한식-육류/고기
271,slope_zcd_M1_SME_RY_CNT_RAT <= -0.01191,ZCD,0.9040568265986623,0.37915407854984895,0.4386271521942057,한식-육류/고기
272,mean_zcd_M12_MAL_30_RAT <= 0.09201,ZCD,0.11681079517461772,0.6283987915407855,0.0564467848196691,한식-육류/고기
273,mean_zcd_M12_MAL_30_RAT > 0.09201,ZCD,-0.6114939442076512,0.3716012084592145,0.2954938114719755,한식-육류/고기
274,slope_zcd_M12_FME_40_RAT > 0.00062,ZCD,2.0761465707208595,0.850453172205438,0.7404092156392169,한식-육류/고기
275,slope_zcd_M12_FME_1020_RAT <= 0.04108,ZCD,-7.908259119526113,0.6244343891402715,3.8297216200434856,한식-해물/생선
276,slope_zcd_RC_M1_SHC_RSD_UE_CLN_RAT > 0.00824,ZCD,-7.610859125778357,0.248868778280543,3.2906129193430362,한식-해물/생선
277,slope_zcd_M12_FME_50_RAT <= 0.00569,ZCD,10.76866531376526,0.7058823529411765,4.906689578952272,한식-해물/생선
278,mean_zcd_M12_MAL_40_RAT <= 0.07105,ZCD,8.11196725321075,0.7782805429864253,3.3697383350096217,한식-해물/생선
279,mean_zcd_RC_M1_SHC_WP_UE_CLN_RAT > 0.12437,ZCD,-6.147006318590156,0.49321266968325794,3.073219966865989,한식-해물/생선
280,slope_zcd_M12_FME_40_RAT > -0.05689,ZCD,-4.577261069934763,0.665158371040724,2.1601700340162195,한식-해물/생선
281,slope_zcd_RC_M1_SHC_RSD_UE_CLN_RAT > 0.00844,ZCD,-7.406125071428753,0.2398190045248869,3.162214632375746,한식-해물/생선
282,slope_zcd_M12_FME_1020_RAT > 0.04108,ZCD,-4.476988832455301,0.3755656108597285,2.16806514116532,한식-해물/생선
283,mean_zcd_RC_M1_AV_NP_AT > 1.14044,ZCD,2.486680555751636,0.4117647058823529,1.2238271880923137,햄버거
284,slope_zcd_M1_SME_RY_CNT_RAT <= 0.03128,ZCD,-4.2889400574810645,0.5490196078431373,2.13413915630151,햄버거
285,mean_zcd_RC_M1_AV_NP_AT > 0.81561,ZCD,-0.6196592790111335,0.43137254901960786,0.3068973374458293,햄버거
286,mean_zcd_M12_MAL_60_RAT > 1.10087,ZCD,3.0338364801127113,0.43137254901960786,1.502561761809572,햄버거
287,mean_zcd_RC_M1_AV_NP_AT <= 0.94908,ZCD,-6.145210939699181,0.5686274509803921,3.0435255943335537,햄버거
288,mean_zcd_M12_FME_60_RAT > 1.08741,ZCD,5.065761429590364,0.43137254901960786,2.5089089238815836,햄버거
289,mean_zcd_RC_M1_SHC_RSD_UE_CLN_RAT > 0.6907,ZCD,3.623071328492892,0.45098039215686275,1.8028086857318242,햄버거
290,mean_zcd_MCT_UE_CLN_REU_RAT > 0.76189,ZCD,3.4820436542435966,0.47058823529411764,1.738007068449341,햄버거
291,slope_zcd_M12_MAL_60_RAT <= 0.04235,ZCD,-6.222802655146792,0.7211538461538461,2.7905018815923865,호프/맥주
292,slope_zcd_RC_M1_TO_UE_CT > 0.03893,ZCD,-1.7981718529405901,0.25,0.7786312525083433,호프/맥주
293,mean_zcd_M12_FME_1020_RAT <= 0.72277,ZCD,-6.69281142916313,0.75,2.8980723601970526,호프/맥주
294,slope_zcd_MCT_UE_CLN_NEW_RAT <= 0.00354,ZCD,15.337239299174556,0.3557692307692308,7.342638004093394,호프/맥주
295,slope_zcd_RC_M1_UE_CUS_CN <= 0.03798,ZCD,-21.423885131456892,0.75,9.276814385800693,호프/맥주
296,mean_zcd_M12_FME_1020_RAT <= 0.7584,ZCD,-9.17380208860348,0.75,3.9723728290106775,호프/맥주
297,slope_zcd_M12_MAL_60_RAT > 0.04252,ZCD,-1.595552217120006,0.25961538461538464,0.6995277172654725,호프/맥주
298,mean_zcd_M12_MAL_1020_RAT > 0.72816,ZCD,-0.24652053826452616,0.2692307692307692,0.1093466745541379,호프/맥주
299,slope_bzn_M12_FME_30_RAT > 0.00219,BZN,-1.0570163430562287,0.7789203084832905,0.43863435195644196,금남시장
300,mean_bzn_RC_M1_TO_UE_CT <= 0.62157,BZN,-0.8095231536258879,0.5809768637532133,0.3994180574927233,금남시장
301,slope_bzn_RC_M1_TO_UE_CT > -0.01006,BZN,-0.0959700830977415,0.7095115681233933,0.04356924480634802,금남시장
302,mean_bzn_M12_MAL_30_RAT > 0.1138,BZN,0.4622711119877553,0.35989717223650386,0.22187626405697156,금남시장
303,slope_bzn_M12_MAL_40_RAT > 0.00219,BZN,-0.33772243485477627,0.7634961439588689,0.14351009393949088,금남시장
304,mean_bzn_RC_M1_TO_UE_CT > -2.25741,BZN,-3.084757412415646,0.9280205655526992,0.7972674467664953,금남시장
305,mean_bzn_RC_M1_TO_UE_CT <= 0.6718,BZN,-2.1964259353027042,0.5886889460154242,1.0807984031849962,금남시장
306,mean_bzn_M12_SME_RY_SAA_PCE_RT <= 0.88537,BZN,9.063502350942892,0.8920308483290489,2.8127804378724384,금남시장
307,slope_bzn_M1_SME_RY_CNT_RAT <= -0.00424,BZN,-15.736978835260393,0.24749163879598662,6.79136842783322,답십리
308,slope_bzn_RC_M1_UE_CUS_CN <= -0.00746,BZN,-5.103401927450783,0.5150501672240803,2.5505447427903842,답십리
309,slope_bzn_M1_SME_RY_CNT_RAT > -0.00424,BZN,-3.6342151038182804,0.7525083612040134,1.568362896995515,답십리
310,slope_bzn_M12_SME_BZN_SAA_PCE_RT <= -0.02383,BZN,1.6937548358113674,0.3612040133779264,0.8135943448291709,답십리
311,slope_bzn_RC_M1_UE_CUS_CN > -0.00813,BZN,-9.767641202472628,0.4916387959866221,4.883137700307413,답십리
312,mean_bzn_M12_SME_BZN_SAA_PCE_RT > 0.08766,BZN,10.522810550305492,0.6923076923076923,4.856681792448689,답십리
313,slope_bzn_M1_SME_RY_SAA_RAT > 0.0018,BZN,8.996763004954952,0.6755852842809364,4.211886348356489,답십리
314,slope_bzn_RC_M1_UE_CUS_CN <= -0.00853,BZN,-3.9223658188076143,0.5050167224080268,1.96108419076291,답십리
315,slope_bzn_RC_M1_UE_CUS_CN > 0.00767,BZN,1.9954098890142933,0.49074074074074076,0.9975338556017463,뚝섬
316,slope_bzn_RC_M1_UE_CUS_CN > 0.02434,BZN,2.428187736451195,0.33641975308641975,1.1472808118078675,뚝섬
317,slope_bzn_RC_M1_TO_UE_CT <= 0.0104,BZN,-5.334816730015403,0.5632716049382716,2.645965325308734,뚝섬
318,slope_bzn_RC_M1_UE_CUS_CN > 0.00814,BZN,4.806641872318379,0.48919753086419754,2.4027599675987297,뚝섬
319,slope_bzn_RC_M1_UE_CUS_CN > 0.00762,BZN,2.694297517603827,0.49074074074074076,1.3469177464090976,뚝섬
320,slope_bzn_RC_M1_TO_UE_CT > 0.0104,BZN,-6.828659264743322,0.4367283950617284,3.3868821643301126,뚝섬
321,slope_bzn_RC_M1_UE_CUS_CN > 0.00773,BZN,2.006148237752236,0.49074074074074076,1.0029021092514503,뚝섬
322,mean_bzn_M12_SME_RY_SAA_PCE_RT > 1.54558,BZN,3.371259421581232,0.08796296296296297,0.954878985218651,뚝섬
323,mean_bzn_M12_MAL_50_RAT <= 0.30478,BZN,-5.531303591349156,0.9416445623342176,1.2966168543131014,마장동
324,slope_bzn_RC_M1_AV_NP_AT > 0.01298,BZN,4.733193629548909,0.376657824933687,2.293459231081376,마장동
325,slope_bzn_RC_M1_SHC_FLP_UE_CLN_RAT <= -0.00259,BZN,-12.841510917787641,0.21750663129973474,5.297765237936556,마장동
326,slope_bzn_M1_SME_RY_CNT_RAT > 0.01727,BZN,3.7954865116504255,0.29442970822281167,1.7299295208612973,마장동
327,slope_bzn_M12_MAL_40_RAT > -0.00552,BZN,0.662704108731073,0.259946949602122,0.2906654768595687,마장동
328,slope_bzn_RC_M1_SHC_FLP_UE_CLN_RAT > -0.00259,BZN,-1.2564748973545465,0.7824933687002652,0.5183587099804932,마장동
329,slope_bzn_RC_M1_UE_CUS_CN <= -0.0092,BZN,1.3184773050546188,0.44562334217506633,0.6553285554084068,마장동
330,slope_bzn_RC_M1_UE_CUS_CN <= -0.00967,BZN,2.4628409489449834,0.44297082228116713,1.2233842882157424,마장동
331,mean_bzn_M12_MAL_40_RAT <= 0.13446,BZN,0.7566364288428847,0.739424703891709,0.3321244474758898,성수
332,slope_bzn_M1_SME_RY_CNT_RAT > -0.0251,BZN,-0.5247648572559507,0.7859560067681896,0.21523623387123988,성수
333,slope_bzn_RC_M1_SAA > -0.03859,BZN,-1.0909113846409295,0.8367174280879864,0.4032262508266901,성수
334,mean_bzn_MCT_UE_CLN_NEW_RAT <= 0.12077,BZN,7.885451144883048,0.9043993231810491,2.31866039106791,성수
335,slope_bzn_M1_SME_RY_SAA_RAT <= 0.0198,BZN,-0.8004449864283922,0.7639593908629442,0.33990690650310174,성수
336,slope_bzn_M12_FME_30_RAT > 0.00243,BZN,-0.24036412074353544,0.8544839255499154,0.08475729241265009,성수
337,mean_bzn_M12_MAL_50_RAT <= 0.13448,BZN,0.5561083830467192,0.8350253807106599,0.20640387544735236,성수
338,slope_bzn_M1_SME_RY_CNT_RAT > -0.02519,BZN,-0.9412303220507876,0.7859560067681896,0.38605266134430816,성수
339,slope_bzn_M12_FME_60_RAT <= 0.01219,BZN,9.5175432720421,0.8045454545454546,3.7741837479870304,신금호
340,slope_bzn_MCT_UE_CLN_REU_RAT > 0.00193,BZN,8.51319356060727,0.8090909090909091,3.345834641674375,신금호
341,mean_bzn_RC_M1_SHC_RSD_UE_CLN_RAT <= 0.25275,BZN,-0.6827059314357278,0.7045454545454546,0.3114824074180124,신금호
342,slope_bzn_MCT_UE_CLN_NEW_RAT <= 0.01332,BZN,3.528096923094171,0.7772727272727272,1.467958986211227,신금호
343,mean_bzn_M12_FME_40_RAT > -0.00663,BZN,5.718427445449456,0.8,2.287370978179782,신금호
344,slope_bzn_MCT_UE_CLN_NEW_RAT <= 0.01343,BZN,2.129427563687648,0.7818181818181819,0.8794781064147583,신금호
345,mean_bzn_M12_FME_40_RAT > -0.00403,BZN,3.5843614182585353,0.8,1.433744567303414,신금호
346,slope_bzn_MCT_UE_CLN_NEW_RAT <= 0.01298,BZN,3.8128605295811324,0.7636363636363637,1.6198863706959437,신금호
347,slope_bzn_MCT_UE_CLN_REU_RAT <= -0.03636,BZN,-5.725861596740442,0.2198581560283688,2.3713678252593,옥수
348,mean_bzn_MCT_UE_CLN_REU_RAT > 0.53119,BZN,5.850984187927488,0.2127659574468085,2.3945942126287547,옥수
349,mean_bzn_RC_M1_SHC_WP_UE_CLN_RAT <= 0.30416,BZN,-4.360462960806495,0.9361702127659575,1.0659128785643237,옥수
350,mean_bzn_MCT_UE_CLN_REU_RAT > 0.51635,BZN,5.578219061814474,0.2198581560283688,2.31022161153271,옥수
351,slope_bzn_MCT_UE_CLN_REU_RAT > -0.0364,BZN,-11.202141740369601,0.7801418439716312,4.639371393857823,옥수
352,mean_bzn_RC_M1_AV_NP_AT > 1.12669,BZN,11.91313080325491,0.22695035460992907,4.989936692297162,옥수
353,slope_bzn_M12_FME_30_RAT <= 0.00097,BZN,-4.765035474376147,0.8014184397163121,1.9009262282174124,옥수
354,slope_bzn_RC_M1_AV_NP_AT <= 0.09592,BZN,-0.2875324321394411,0.9403341288782816,0.06810687131807257,왕십리
355,mean_bzn_RC_M1_AV_NP_AT <= 0.06232,BZN,-0.7992262062991835,0.46420047732696895,0.39858749407373856,왕십리
356,mean_bzn_RC_M1_UE_CUS_CN <= 0.35442,BZN,2.391126401125041,0.7326968973747017,1.0581974502602116,왕십리
357,mean_bzn_MCT_UE_CLN_NEW_RAT <= 0.11009,BZN,1.9515073104679153,0.5178997613365155,0.9751281889859298,왕십리
358,slope_bzn_RC_M1_AV_NP_AT <= 0.07087,BZN,-3.0231819571840006,0.9033412887828163,0.8933275290394457,왕십리
359,slope_bzn_RC_M1_AV_NP_AT <= 0.07034,BZN,0.1624316274545416,0.9021479713603818,0.0482607871340151,왕십리
360,slope_bzn_M12_FME_1020_RAT <= 0.0011,BZN,3.3982130865327744,0.7577565632458234,1.4559332721635185,왕십리
361,slope_bzn_M1_SME_RY_CNT_RAT <= 0.02524,BZN,-0.6863021650766118,0.8973747016706444,0.20827133280460003,왕십리
362,slope_bzn_MCT_UE_CLN_NEW_RAT > 0.00667,BZN,2.603277535682233,0.6419753086419753,1.2480618916785076,장한평자동차
363,slope_bzn_M12_MAL_60_RAT <= 0.01418,BZN,-12.729654954614197,0.37037037037037035,6.147199792408941,장한평자동차
364,slope_bzn_M1_SME_RY_SAA_RAT > 0.00401,BZN,0.442613578949376,0.6666666666666666,0.20865004208023405,장한평자동차
365,slope_bzn_RC_M1_AV_NP_AT <= -0.01341,BZN,1.5395363821864716,0.6419753086419753,0.7380836899343459,장한평자동차
366,mean_bzn_M12_FME_1020_RAT > 0.13676,BZN,4.5610511707152055,0.6049382716049383,2.229733480006019,장한평자동차
367,slope_bzn_M12_MAL_60_RAT > 0.01499,BZN,2.8588203699807933,0.6296296296296297,1.3805354542237862,장한평자동차
368,slope_bzn_RC_M1_AV_NP_AT > -0.0146,BZN,-10.184674225581158,0.35802469135802467,4.882730944312089,장한평자동차
369,mean_bzn_M12_FME_30_RAT <= 0.13186,BZN,-13.492522858517782,0.345679012345679,6.416897380777794,장한평자동차
370,mean_bzn_MCT_UE_CLN_NEW_RAT <= 0.04954,BZN,-0.24580147939203392,0.8552631578947368,0.08648164084605457,한양대
371,mean_bzn_M12_MAL_50_RAT <= 0.07692,BZN,2.383411363093249,0.7648026315789473,1.0108574622643123,한양대
372,slope_bzn_M12_MAL_30_RAT <= 0.00511,BZN,9.88901895770464,0.8289473684210527,3.723759018674921,한양대
373,mean_bzn_MCT_UE_CLN_NEW_RAT > 0.0337,BZN,-1.0439274277121102,0.5641447368421053,0.5176506049978223,한양대
374,mean_bzn_MCT_UE_CLN_NEW_RAT <= 0.04916,BZN,1.538531335647482,0.850328947368421,0.5488690402822575,한양대
375,mean_bzn_MCT_UE_CLN_NEW_RAT <= 0.04909,BZN,3.8381103760340793,0.8486842105263158,1.3754114809310811,한양대
376,mean_bzn_RC_M1_SAA > -0.5253,BZN,9.193502346101049,0.8519736842105263,3.264852358090095,한양대
377,mean_bzn_MCT_UE_CLN_NEW_RAT <= 0.04906,BZN,3.972811102913788,0.8486842105263158,1.4236823507312226,한양대
378,mean_bzn_M12_FME_40_RAT > 0.1175,BZN,-0.6772813636092967,0.4413793103448276,0.33630522882668523,행당
379,mean_bzn_M12_FME_1020_RAT <= 0.11756,BZN,0.6200098421249981,0.5586206896551724,0.3078669560896542,행당
380,mean_bzn_M12_FME_1020_RAT > 0.11756,BZN,-2.274550266375474,0.4413793103448276,1.129431856407132,행당
381,mean_bzn_M12_MAL_30_RAT > 0.12826,BZN,-2.5348456602873815,0.43448275862068964,1.2564948710775516,행당
382,mean_bzn_M12_MAL_60_RAT > 0.11747,BZN,-5.0324661374439374,0.4413793103448276,2.4988797372135414,행당
383,mean_bzn_M12_MAL_60_RAT <= 0.11747,BZN,1.5773247662043577,0.5586206896551724,0.7832233321842328,행당
384,mean_bzn_M12_FME_30_RAT > 0.1175,BZN,-0.7125223113572475,0.4413793103448276,0.353804182191185,행당
385,slope_bzn_M1_SME_RY_CNT_RAT > -0.02964,BZN,-1.9426880765925523,0.6758620689655173,0.9092787449239187,행당
